Company Name,PE Ratio,PB Ratio
Reliance,22.227272727272727,2.246554364471669
Tata Steel,4.393258426966292,0.6835664335664335
Infosys,18.571428571428573,4.421768707482993
Axis Bank,38.89473684210526,2.8098859315589353
Bajaj Finance,58.608695652173914,11.859237536656892
